nombre	tomo	pagina	enlace	http	tipo	bytes
polak	321	2826	https://sjconsulta.csjn.gov.ar/sjconsulta/documentos/verDocumentoSumario.html?idDocumentoSumario=7009	200	application/pdf	60022
mattei	272	188	https://sjconsulta.csjn.gov.ar/sjconsulta/documentos/verDocumentoByIdLinksJSP.html?idDocumento=7834641&cache=1791168660862	200	text/html; charset=UTF-8	77998
mozzatti	300	1102	https://sjconsulta.csjn.gov.ar/sjconsulta/documentos/verDocumentoSumario.html?idDocumentoSumario=16387	200	application/pdf	423080
montenegro	303	1938	https://sjconsulta.csjn.gov.ar/sjconsulta/documentos/verDocumentoSumario.html?idDocumentoSumario=23105	200	application/pdf	1211820
verbitsky	328	1146	https://sjconsulta.csjn.gov.ar/sjconsulta/documentos/verDocumentoByIdLinksJSP.html?idDocumento=5824581&cache=1791168708020	200	text/html; charset=UTF-8	78066
napoli	321	3630	https://sjconsulta.csjn.gov.ar/sjconsulta/documentos/verDocumentoByIdLinksJSP.html?idDocumento=4627541&cache=1791168709347	200	text/html; charset=UTF-8	78161
rayford	308	733	https://sjconsulta.csjn.gov.ar/sjconsulta/documentos/verDocumentoSumario.html?idDocumentoSumario=30882	200	application/pdf	1009309
llerena	328	1491	https://sjconsulta.csjn.gov.ar/sjconsulta/documentos/verDocumentoByIdLinksJSP.html?idDocumento=5841071&cache=1791168773874	200	text/html; charset=UTF-8	78188
mostaccio	327	120	https://sjconsulta.csjn.gov.ar/sjconsulta/documentos/verDocumentoByIdLinksJSP.html?idDocumento=5534771&cache=1791168773850	200	text/html; charset=UTF-8	78095
acosta	331	858	https://sjconsulta.csjn.gov.ar/sjconsulta/documentos/verDocumentoByIdLinksJSP.html?idDocumento=6424841&cache=1791168777823	200	text/html; charset=UTF-8	78149
gongora	336	392	https://sjconsulta.csjn.gov.ar/sjconsulta/documentos/verDocumentoByIdLinksJSP.html?idDocumento=7008981&cache=1791168789809	200	text/html; charset=UTF-8	78245
casal	328	3399	https://sjconsulta.csjn.gov.ar/sjconsulta/documentos/verDocumentoByIdLinksJSP.html?idDocumento=5921391&cache=1791168789626	200	text/html; charset=UTF-8	78216
