# nombre	url
# Textos oficiales de los códigos
cppba-actualizado.html	https://normas.gba.gob.ar/documentos/V9OGJUPx.html
cppba-ficha.html	https://normas.gba.gob.ar/ar-b/ley/1997/11922/4917
cp-infoleg.htm	http://servicios.infoleg.gob.ar/infolegInternet/anexos/15000-19999/16546/texact.htm
cp-argentina-actualizacion.html	https://www.argentina.gob.ar/normativa/nacional/ley-11179-16546/actualizacion
# Enlaces "Ver fallo" que usa la app (src/data/enlaces-fallos.ts)
verif-csjn-polak	https://sjconsulta.csjn.gov.ar/sjconsulta/documentos/verDocumentoSumario.html?idDocumentoSumario=7009
verif-csjn-mattei	https://sjconsulta.csjn.gov.ar/sjconsulta/documentos/verDocumentoByIdLinksJSP.html?idDocumento=7834641
verif-csjn-mozzatti	https://sjconsulta.csjn.gov.ar/sjconsulta/documentos/verDocumentoSumario.html?idDocumentoSumario=16387
verif-csjn-montenegro	https://sjconsulta.csjn.gov.ar/sjconsulta/documentos/verDocumentoSumario.html?idDocumentoSumario=23105
verif-csjn-verbitsky	https://sjconsulta.csjn.gov.ar/sjconsulta/documentos/verDocumentoByIdLinksJSP.html?idDocumento=5824581
verif-csjn-napoli	https://sjconsulta.csjn.gov.ar/sjconsulta/documentos/verDocumentoByIdLinksJSP.html?idDocumento=4627541
verif-csjn-rayford	https://sjconsulta.csjn.gov.ar/sjconsulta/documentos/verDocumentoSumario.html?idDocumentoSumario=30882
verif-csjn-llerena	https://sjconsulta.csjn.gov.ar/sjconsulta/documentos/verDocumentoByIdLinksJSP.html?idDocumento=5841071
verif-csjn-mostaccio	https://sjconsulta.csjn.gov.ar/sjconsulta/documentos/verDocumentoByIdLinksJSP.html?idDocumento=5534771
verif-csjn-acosta	https://sjconsulta.csjn.gov.ar/sjconsulta/documentos/verDocumentoByIdLinksJSP.html?idDocumento=6424841
verif-csjn-gongora	https://sjconsulta.csjn.gov.ar/sjconsulta/documentos/verDocumentoByIdLinksJSP.html?idDocumento=7008981
verif-csjn-casal	https://sjconsulta.csjn.gov.ar/sjconsulta/documentos/verDocumentoByIdLinksJSP.html?idDocumento=5921391
verif-bulacio	https://www.corteidh.or.cr/docs/casos/articulos/seriec_100_esp.pdf
verif-fernandezPrieto	https://corteidh.or.cr/docs/casos/articulos/seriec_411_esp.pdf
verif-peiranoBasso	https://www.cidh.oas.org/annualrep/2009sp/uruguay12553.sp.htm
verif-scbaVerbitsky2022	https://www-2020.scba.gov.ar/falloscompl/scba/inter/2022/05-03/p83909.doc
verif-scbaCarrascosa	https://www-2020.scba.gov.ar/falloscompl/scba/2016/06-01/p125776.doc
verif-scbaPitman	https://www.scba.gov.ar/includes/descarga.asp?id=54082&n=Ver+sentencia+(causa+P137.668).pdf
verif-tcpAguero	https://www.scba.gov.ar/includes/descarga.asp?id=55453&n=Ver+sentencia+(causa+N%C2%B0+133.216).pdf
verif-tcpGuerendiain	https://www.scba.gov.ar/includes/descarga.asp?id=35615&n=Ver+Sentencia+%2876889%29.pdf
